Judul Berita,Isi Berita,Tanggal Berita,Kategori Berita
"Anak Usaha BUMN KAI Buka 2 Lowongan Magang, Ada Gajinya","KOMPAS.com - PT Railink membuka lowongan magang bagi mahasiswa. PT Railink atau KAI Bandara Railink adalah anak usaha dari Kereta Api Indonesia yang bergerak di bidang pengoperasian kereta api bandara.PT Railink menawarkan gaji bagi mahasiswa yang magang.""Open opportunity for Legal Intern and Human Resource Intern, paid internship,"" tulis akun Instagram @kabandararailink pada IG story, Kamis, (31/10/2024).Sehingga bagi mahasiswa yang ingin magang dan mendapatkan gaji serta pengalaman, kesempatan ini jangan dilewati.Apalagi KAI adalah salah satu Badan Usaha Milik Negara (BUMN) yang prestisius dan besar. Sehingga bergabung di anak perusahaan KAI memberikan banyak insight bagi mahasiswa.Baca juga: 10 Beasiswa SD sampai S3 buat Anak PNS, Ada Uang SakunyaPerlu diketahui juga jika KAI Bandara juga mengoperasikan layanan kereta api Bandara Internasional Soekarno-Hatta mulai bulan Januari 2018 dan Bandara Internasional Yogyakarta (YIA) yang dimulai pada tahun 2022.Usaha bisnis non-penumpang meliputi pengembangan MOSS (Maintenance Operation Spare-part Services) yang juga dimulai sejak tahun 2022.Pendaftaran dibuka hingga 8 November 2024. Persyaratan selengkapnya simak di bawah ini.A. Posisi Legal Intern1. Fresh Graduate jurusan S1 Hukum atau yang relevan.2. Mahasiswa tingkat akhir bisa bergabung, selama sudah tidak mengikuti lagi kuliah dalam kelas.3. Mampu bekerja dalam tim dan siap belajar banyak hal.4. Bisa mengoperasikan Mincrosoft Office.5. Bersedia magang sesuai penempatan. Saat ini penempatan di Jakarta Pusat6. Berkomitmen untuk mengikuti magang dalam waktu 3 bulan.Baca juga: 10 Beasiswa SD sampai S3 buat Anak PNS, Ada Uang Sakunya",31/10/2024,EDUKASI
Produsen Pelumas Ini Setia Dukung Pebalap Aldi Satya Mahendra sampai Juara Dunia,"JAKARTA, KOMPAS.com - Aldi Satya Mahendra berhasil mencetak sejarah sebagai pebalap Indonesia pertama yang meraih gelar juara dunia World Supersport 300 (WorldSSP300). Prestasi tersebut juga tak lepas dari dukungan perusahaan pelumas ENEOS.ENEOS sendiri merupakan sponsor utama tim Yamaha Racing Indonesia. Tim yang mendukung Aldi menjadi juara di tingkat nasional hingga internasional. Maka itu, Yamaha Racing Indonesia dan ENEOS turut bangga atas torehan prestasi Aldi.Baca juga: Aldi Satya Mahendra, Pebalap Indonesia Pertama yang Jadi Juara Dunia WorldSSP300“ENEOS sebagai pabrikan pelumas terpercaya, ikut bangga dan bahagia atas prestasi yang dicapai oleh Aldi diajang balap motor internasional, terlebih lagi, prestasi ini belum pernah diraih sebelumnya oleh pebalap Indonesia,” ujar Imran Razy, General Manager PT Nippon Oil Indonesia, produsen dan pemasar produk ENEOS, dalam keterangan resminya.Dok. Yamaha Aldi Satya Mahendra, juara dunia WorldSSP300 2024, yang didukung penuh oleh ENEOSENEOS menjadi sponsor Yamaha Racing Indonesia di ajang internasional Asia Road Racing Championship (ARRC), World Supersport 300 (WSSP300), dan Yamaha Cup Race (YCR). Selain itu, perusahaan pelumas nomor satu di Jepang ini juga telah lama dipercaya oleh tim balap Monster Energy Yamaha MotoGP.“ENEOS juga memiliki tanggung jawab untuk memajukan capaian prestasi pembalap Indonesia dalam lingkup Internasional,” kata Imran.Baca juga: Eneos NXP Ramaikan Pasar Oli Motor IndonesiaAldi yang merupakan Juara Dunia pertama dari Asia ini juga sangat bersemangat dan gembira terhadap hasil yang diperoleh dari perjuangannya selama ini. Dia mengatakan, dirinya sangat bersyukur dan bangga bisa menjuarai WSSP300 dan menjadi juara dunia pertama dari Indonesia.Dok. Yamaha Aldi Satya Mahendra, juara dunia WorldSSP300 2024, yang didukung penuh oleh ENEOS""Ini adalah mimpi yang menjadi kenyataan, dan saya tidak bisa melakukannya tanpa dukungan luar biasa dari tim Yamaha Racing Indonesia dan sponsor setia seperti ENEOS. Dukungan mereka memberikan saya kepercayaan diri dan semangat untuk terus berjuang di setiap balapan,"" ujar Aldi.""Pelumas ENEOS telah menjadi bagian penting dari performa motor saya, menjaga mesin tetap dalam kondisi terbaik dan memberikan performa maksimal di lintasan. Saya berkomitmen untuk terus memberikan yang terbaik dan membuat semua orang yang mendukung saya bangga,"" kata Aldi.Dok. Yamaha Aldi Satya Mahendra, juara dunia WorldSSP300 2024, yang didukung penuh oleh ENEOSSelain tim balapnya, Aldi sendiri mempercayakan pelumas ENEOS untuk kendaraan pribadinya. Menurutnya, ENEOS tidak hanya memberikan perlindungan maksimal untuk mesin, tetapi juga meningkatkan efisiensi bahan bakar.""Dalam aktivitas sehari-hari, saya merasakan perbedaan signifikan pada performa kendaraan saya. ENEOS menjaga mesin tetap bersih dan optimal, sehingga saya tidak perlu khawatir tentang perawatan yang terlalu sering. Dengan kualitas yang terjamin, saya yakin ENEOS adalah pilihan tepat bagi siapa pun yang ingin menjaga kendaraan mereka dalam kondisi terbaik,"" ujar Aldi.",31/10/2024,OTOMOTIF
"Gunung Ibu di Halmahera Barat Alami Erupsi, Kolom Abu Setinggi 1.000 Meter","HALMAHERA BARAT, KOMPAS.com - Gunung Ibu di Kabupaten Halmahera Barat, Maluku Utara, pada Kamis (31/10/2024) sekitar pukul 10.06 WIT, kembali erupsi dengan mengeluarkan kolom abu berwarna kelabu.Kolom abu tersebut teramati setinggi 1.000 meter di atas puncak atau setinggi 2.325 meter di atas permukaan laut.""Kolom abu teramati berwarna kelabu dengan intensitas tebal condong ke arah tenggara,"" kata Petugas Pos Pengamatan Gunung Ibu di Kabupaten Halmahera Barat, Richard Chaniago dalam keterangannya, Kamis (31/10/2024).Baca juga: Gunung Ibu di Halmahera Barat Kembali Alami ErupsiGunung setinggi 1.325 meter dari permukaan laut (mdpl) itu erupsi dan terekam di seismogram dengan amplitudo maksimum 28 mm dan durasi kurang lebih 1 menit 56 detik di Pos Pengamatan Gunung Ibu di Desa Gam Ici, Kecamatan Ibu.Richard mengatakan, saat ini gunung Ibu berada pada status level III atau Siaga.Baca juga: Gunung Ibu Kembali Meletus Malam Ini, Kolom Abu 3.000 MeterDia mengimbau masyarakat di sekitar gunung Ibu dan pengunjung atau wisatawan agar tidak beraktivitas di dalam radius 4 kilometer dan perluasan sektoral berjarak 5 kilometer ke arah bukaan kawah di bagian utara dari kawah aktif gunung Ibu.Jika terjadi hujan abu, masyarakat yang beraktivitas di luar rumah disarankan untuk menggunakan pelindung hidung, mulut dan mata.Selain itu, seluruh pihak diminta agar menjaga kondusifitas suasana di masyarakat, tidak menyebarkan narasi bohong atau hoaks, dan tidak terpancing isu-isu yang tidak jelas sumbernya serta selalu mengikuti arahan dari pemerintah daerah.",31/10/2024,REGIONAL
"Syarat Daftar Bintara TNI AD 2024 Gelombang 2, Lulusan SMK Semua Jurusan Bisa Daftar","KOMPAS.com - Pendaftaran Penerimaan Bintara PK TNI AD gelombang II TA 2024 sudah dibuka.Pendaftaran sudah dibuka sampai 18 November 2024 melalui link https://ad.rekrutmen-tni.mil.id/bintara-ad dan datang ke Ajendem dan Ajenrem terdekat.Seleksi calon bintara TNI ini dapat diikuti oleh semua lulusan SMA dan SMK. Bahkan untuk lulusan SMK, bisa semua jurusan mendaftar.Baca juga: 10 Beasiswa SD sampai S3 buat Anak PNS, Ada Uang SakunyaKemudian bagi lulusan Paket C, juga bisa mendaftar jalur ini. Asalkan, memiliki nilai rapor Bahasa Indonesia, Bahasa Inggris dan Matematika yang baik dan sesuai ketentuan TNI AD.Berikut persyaratan yang harus dipenuhi jika mau mendaftar Bintara TNI AD 2024 gelombang 2:1. Warga Negara Indonesia;2. Beriman dan bertaqwa kepada Tuhan Yang Maha Esa (menganut salah satu dari 6 agama yang diakui di Indonesia atau penghayat kepercayaan);3. Setia kepada Negara Kesatuan Republik Indonesia yang berdasarkan Pancasila dan Undang-Undang Dasar Negara Republik Indonesia tahun 1945;4. Berumur paling rendah 17 tahun 9 bulan dan paling tinggi 22 tahun pada saat pembukaan pendidikan pertama tanggal 16 Desember 2024;5. Tidak memiliki catatan kriminalitas yang dikeluarkan secara tertulis oleh Kepolisian Republik Indonesia;6. Sehat jasmani dan rohani serta tidak berkacamata; dan7. Tidak sedang kehilangan hak menjadi prajurit berdasarkan putusan pengadilan yang telah memperoleh kekuatan hukum tetap.Persyaratan lainnya1. Pria, bukan anggota/mantan prajurit TNI/Polri atau PNS TNI;2. Berijazah minimal SMA/MA/SMK baik negeri atau swasta yang terakreditasi sesuai kebutuhan (Berlaku Paket C), dengan persyaratan nilai rata-rata sebagai berikut:",31/10/2024,EDUKASI
"Kecelakaan Maut Rombongan Kru TV One di Pemalang-Batang, 3 Meninggal, 2 Luka-luka","PEMALANG, KOMPAS.com - Kecelakaan mau yang melibatkan kendaraan operasional Tv One dan truk ekspedisi terjadi di tol Pemalang-Batang, Jawa Tengah, tepatnya di Km  315 A, Kamis (31/10/2024).Tiga orang penumpang mobil Tv One disebutkan meninggal dunia, sementara 2 lainnya mengalami luka-luka.  Saat dikonfirmasi, Kapolres Pemalang AKBP Eko Sunaryo membenarkan peristiwa tersebut.Baca juga: Daftar Korban Meninggal Kecelakaan Rombongan Jurnalis TV One di PemalangJenazah korban meninggal imbuhnya, masih di RS Islam Al-Ikhas di Jalan, Kolonel Sugiono Kecamatan Pemalang, Jawa Tengah.""Ada dua mobil yang terlibat kecelakaan. Pertama Avanza dan truk paket box Rosalia Ekspres. Korban ada lima. Tiga meninggal dunia, dua masih sadar,"" katanya, Kamis.Saat ini, kasus kecelakaan tersebut sedang ditangani polisi lalu lintas Polres Pemalang.""Kami masih cek di lapangan ya, masih kami lakukan penyelidikan di lapangan oleh petugas, kalau sudah selesai kami informasikan lebih lanjut,"" ungkapnya.Baca juga: Bolehkah Moge Masuk Jalan Tol? Simak Penjelasan Berikut...Baca juga: Tabrak Mentok, Ibu dan Anak di Bantul Meninggal Dunia",31/10/2024,REGIONAL
Rangkuman Hari Ke-980 Serangan Rusia ke Ukraina: Pertemuan di China | Isu Tentara Korut,"KOMPAS.com - Perang Rusia-Ukraina memasuki hari ke-980 pada Rabu (30/10/2024), ditandai dengan pertemuan Menteri Luar Negeri China Wang Yi dan Wakil Menteri Luar Negeri Rusia Andrey Rudenko di Beijing.Sementara itu, isu tentara Korea Utara di Rusia masih menjadi bahasan sejumlah pihak, termasuk prediksi nasib Ukraina ke depannya.Berikut adalah rangkuman perang Ukraina-Rusia terkini.Baca juga: Buntut Kabar Korut Kirim Tentara ke Rusia, Ukraina-Korsel Sepakat Perdalam Kerja Sama KeamananMenteri Luar Negeri China Wang Yi pada Rabu (30/10/2024) menjamu Wakil Menteri Luar Negeri Rusia Andrey Rudenko di Beijing.Menurut keterangan Kementerian Luar Negeri China, Wang berkata kepada Rudenko bahwa hubungan kedua negara pasti berjalan kuat.Ia menambahkan, hubungan tersebut tidak terpengaruh perubahan situasi internasional, dan tidak diarahkan atau dipengaruhi oleh pihak ketiga.Baca selengkapnya di sini.Presiden Korea Selatan Yoon Suk-yeol dan Perdana Menteri Kanada Justin Trudeau menyatakan kekhawatiran atas keterlibatan Korea Utara dalam perang Rusia-Ukraina.Dalam pembicaraan telepon yang diadakan Rabu (30/10/2024), kedua pemimpin membahas dampak yang ditimbulkan oleh pengerahan pasukan Korea Utara ke medan perang.Menurut kantor Presiden Yoon, Trudeau menekankan bahwa keterlibatan ini dapat memperburuk konflik, serta memengaruhi stabilitas keamanan di kawasan Eropa dan Indo-Pasifik.Baca selengkapnya di sini.Baca juga: NATO dan AS Konfirmasi Tentara Korea Utara Telah Dikerahkan ke Kursk RusiaSerangan drone Rusia malam hari di ibu kota Ukraina, Kyiv, melukai sembilan orang termasuk gadis berusia 11 tahun, kata pihak berwenang pada Rabu (30/10/2024).Pemerintah kota Kyiv dan layanan darurat mengatakan, kebakaran terjadi di gedung sembilan lantai di distrik pusat. Kerusakan juga terjadi di taman kanak-kanak.""Sembilan orang luka-luka. Ada juga kebakaran di gedung administrasi delapan lantai,"" kata Wali Kota Kyiv Vitali Klitschko di media sosial, dikutip dari kantor berita AFP.Baca selengkapnya di sini.",31/10/2024,GLOBAL
"Sebabkan Sekolah ""Lockdown"", Mengapa Gondongan Kembali Mewabah?","KOMPAS.com - Sejumlah daerah melaporkan wabah gondongan atau mumps yang menjangkiti masyarakat, terutama anak-anak.Kabupaten Banyuwangi, Jawa Timur, misalnya, mencatatkan 907 kasus gondongan sejak awal September 2024 hingga 27 Oktober 2024 di 25 kecamatan.Di Kota Kediri, Jawa Timur, ada 215 kasus gondongan yang dilaporkan sejak Mei 2024 hingga 24 Oktober 2024.Sementara itu, di Banten, total 43 siswa SMP Negeri 8 Tangerang Selatan terjangkit cacar air dan gondongan, memaksa sekolah menerapkan lockdown dengan belajar di rumah selama 14 hari sampai 31 Oktober 2024.Gondongan adalah penyakit pembengkakan kelenjar parotis yang disebabkan infeksi virus paramyxovirus.Penyakit ini dapat dicegah dengan program vaksinasi MMR (measles, mumps, dan rubella), yang diberikan saat anak-anak.Lantas, mengapa gondongan kembali muncul meski sudah ada program vaksin MMR?Baca juga: Sedang Musim, Kenali Ciri-ciri Gondongan pada Anak dan Orang DewasaEpidemiolog dari Griffith University Australia, Dicky Budiman mengungkapkan beberapa penyebab wabah gondongan kembali menyebar meski sudah ada vaksin MMR.Pertama, menurut dia, penurunan cakupan vaksinasi di satu populasi menjadi di bawah angka kekebalan kelompok atau herd immunity.""Harusnya di atas 90-95 persen untuk mumps, ini turun di bawah 90 persen, akan semakin meningkatkan wabah karena semakin banyak individu yang rentan,"" ujarnya, saat dihubungi Kompas.com, Selasa (29/10/2024).Dicky mengatakan, mereka yang belum menerima vaksinasi MMR karena keyakinan pribadi, percaya hoaks, kondisi kesehatan, atau tak ada akses, lebih rentan terinfeksi gondongan.Orang-orang tersebut pun menjadi titik awal penularan virus, sehingga infeksi menyebar dan menyebabkan wabah di beberapa daerah.Penyebab kedua, efektivitas vaksin MMR yang belum menyentuh angka 100 persen mencegah infeksi.Dicky menyebut, meskipun vaksin MMR sangat efektif dengan tingkat efektivitas sekitar 88 persen setelah dua dosis, masih ada celah bagi penyebaran virus.""Artinya, masih ada sebagian kecil populasi yang meski sudah divaksinasi mungkin tetap bisa terinfeksi,"" tuturnya.Selain itu, sama seperti vaksin pada umumnya, efektivitas vaksin MMR juga bisa berkurang seiring waktu atau yang disebut sebagai waning immunity.Terlebih, vaksin MMR biasanya disuntikkan saat bayi, sehingga kekebalan tubuh terhadap virus dapat menurun setelah beberapa tahun.Baca juga: Terinfeksi Penyakit Gondongan, Perlukah Isolasi Mandiri?Shutterstock/Scio21 Ilustrasi gondongan atau parotitis. Penyebab ketiga, yakni adanya mutasi virus yang membuat organisme penyebab penyakit gondongan ini semakin mudah menular.""Pada kasus gondongan, beberapa penelitian menunjukkan bahwa mutasi virus yang menular lebih mudah itu dapat menyebabkan wabah, meskipun program vaksinasi tetap berjalan,"" ucap Dicky.Di sisi lain, Dicky menuturkan, timbulnya wabah gondongan akhir-akhir ini juga bisa dipicu oleh kepadatan populasi dan lingkungan.Misalnya, lingkungan sekolah yang kerap menjadi tempat ideal untuk penyebaran penyakit karena kontak fisik anak-anak yang cenderung rekat.Kendati demikian, Dicky mengungkapkan, hingga saat ini vaksin MMR masih sangat efektif untuk mencegah penularan dan komplikasi gondongan.Hanya saja, guna mencegah wabah semakin menyebar, diperlukan upaya lain, seperti meningkatkan cakupan vaksinasi.Pemerintah juga perlu menggencarkan monitoring and surveillance sebagai bentuk pemantauan infeksi rutin untuk membantu mendeteksi dini dan mengelola wabah agar tidak meluas.Dicky turut mengingatkan, penyakit gondongan sudah menjadi endemi atau penyakit yang menjangkiti suatu daerah, terutama yang cakupan vaksinnya masih rendah.Namun, penyakit ini tidak berpotensi menjadi epidemi maupun pandemi karena vaksin masih sangat efektif.""Lockdown lokal atau belajar di rumah itu langkah pencegahan yang tepat karena memutus mata rantai penularan,"" kata Dicky.""Karena anak-anak ini kan masih sangat rentan ya, masih tumbuh dan berkembang sistem imunitasnya, jadi lockdown sementara seminggu gitu masih cukup memadai,"" sambungnya.Baca juga: Apa Saja Gejala Penyakit Gondongan? Waspadai Juga Komplikasi Kondisi Ini",31/10/2024,TREN
Kawasaki Produksi W175 L Injeksi Secara Lokal 2025,"TANGERANG, KOMPAS.com - Kawasaki Motor Indonesia (KMI) berencana untuk memproduksi W175 L Injeksi secara lokal pada 2025.Michael C. Tanadhi Head, Sales & Promotion Dept. PT KMI mengatakan, penerimaan W175 L Injeksi di Indonesia cukup positif. Hal inilah yang mendasari pihaknya untuk segera memproduksi motor sport retro itu secara lokal.“Luar biasa bagus, karena memang dari sisi harga dan fitur mumpuni. Kita memang cuma mendapat volume jatah dari IKM India cuma 280 unit dan itu sudah sold out,” kata Michael, di ICE BSD, Tangerang, Rabu (30/10/2024).Baca juga: Gresini Racing Incar Podium di MotoGP Malaysia 2024“Tahun depan rencananya kita mau langsung menjadikan itu CKD, lagi proses,” ucap dia.Seperti diketahui W175 L injeksi saat ini masih didatangkan secara utuh (CBU) dari India. Mengingat W175 dengan injeksi ini memang pertama kali muncul di India. Makanya untuk saat ini, W175 L yang dijual di Indonesia masih berstatus impor.Doc Kawasaki Kawasaki W175 L InjeksiBicara soal Kawasaki W175 L Injeksi, sepeda motor ini memiliki tampilan retro klasik dengan ciri khas lampu yang bulat. Dimensi dari W175 L Injeksi punya panjang 2.005mm, lebar 805mm, dan tinggi 1.050mm. Sedangkan yang lama, panjangnya 1.940mm, lebar 765mm, dan tinggi 1.045mm.Motor ini dibekali mesin 177 cc Air-cooled, 4-stroke Single Cylinder, yang mampu menghasilkan tenaga 13 Ps atau 12 Tk pada 7.500 rpm, dengan torsi 13.2 Nm pada 6.000 rpm. W175 L Injeksi dibekali transmisi manual 5 percepatan.Baca juga: Motor Sport TVS Apache RTR 310 Meluncur di IMOS 2024Soal teknologi, motor ini sudah mendapat sistem Anti-lock Brake System atau ABS menggunakan sensor roda depan dan belakang untuk memonitor kecepatan roda secara konstan.Bicara soal harga, W175 L Injeksi dibanderol Rp 35.900.000 OTR Jakarta.",31/10/2024,OTOMOTIF
Pj Gubernur Jakarta Tinjau Uji Coba Makan Bergizi Gratis di SMAN 69 Kepulauan Seribu,"JAKARTA, KOMPAS.com - Penjabat (Pj) Gubernur Jakarta Teguh Setyabudi meninjau uji coba program makan bergizi gratis (MBG) di Sekolah Menengah Atas Negeri (SMAN) 69, Pulau Pramuka, Kepulauan Seribu, Kamis (31/10/2024).Teguh didampingi Plt Kepala Dinas Pendidikan Provinsi Jakarta Purwosusilo dan Kepala Dinas Ketahanan Pangan, Kelautan, dan Pertanian Provinsi Jakarta Suharini mengunjungi empat kelas di sekolah tersebut.Para siswa dari kelas 12-1 hingga 12-4 menyambut kunjungan pemimpin Jakarta itu dengan sejumlah pantun ucapan selamat datang.Baca juga: Pemprov Jakarta Bakal Uji Coba Makan Bergizi Gratis di Kepulauan SeribuMendengar sambutan itu, Teguh tersenyum lalu meminta para siswa untuk membuka kotak makanan yang berisikan nasi goreng, telur, ikan, jeruk dan lalapan timun.""Sekarang kita ada program makan bergizi gratis dari Bapak Presiden Prabowo dan Bapak Wakil Presiden Gibran, dimakan ya, ada nasi goreng,"" ucap Teguh saat meninjau kelas 12-3.""Coba nanti diinfokan (saran) karena ini baru uji coba,"" tambah Teguh.Dalam uji coba makan bergizi gratis ini, Teguh tidak banyak bicara. Ia meminta anak-anak untuk langsung menyantap makanan agar proses pembelajaran dapat kembali dilanjutkan.""Sudah ya, dimakan ini, biar semangat,"" kata Teguh lalu berjalan meninggalkan kelas.Adapun, SMAN 69 merupakan sekolah ke-13 yang melakukan uji coba makan bergizi gratis di wilayah Administrasi Jakarta.Sebelumnya diberitakan, Pemerintah Provinsi (Pemprov) Jakarta telah menyalurkan 10.448 paket makanan selama 12 kali uji coba program makan bergizi gratis di sekolah-sekolah Jakarta.Ke depan, Pemprov akan memperluas kelompok sasaran sekolah baik negeri maupun swasta dalam uji coba makan bergizi gratis ini.Baca juga: Pj Gubernur Jakarta Pastikan Anggaran Makan Bergizi Gratis Siap, Tinggal Tunggu Arahan Pusat ""Sekarang sudah ada yang negeri dan hari ini swasta. Nanti kami akan pertimbangkan untuk target grup yang lain, kelompok sasaran yang lain,"" kata Teguh ditemui di Sekolah Dasar Islam Terpadu (SDIT) Al Ihsan, Kebagusan, Jakarta Selatan, Kamis (24/10/2024).Berikut rincian sekolah di Jakarta yang telah dilakukan uji coba makan bergizi gratis:1. SDN Cideng 07 Jakarta Pusat, banyak 498 paket2. SDN Rawa Badak Utara 03 Jakarta Utara, sebanyak 371 paket",31/10/2024,NEWS
Pj Wali Kota Hery Antasari Sesalkan Dugaan Kekerasan oleh Wali Kelas SMP di Bogor Selatan,"BOGOR, KOMPAS.com - Penjabat (Pj) Wali Kota Bogor Hery Antasari menyesalkan dugaan kasus penganiayaan yang melibatkan seorang wali kelas berinisial H terhadap siswanya, L (14), di SMP swasta di Kecamatan Bogor Selatan, Kota Bogor.Hery menyatakan, jika kasus tersebut masuk ke ranah hukum, maka guru tersebut harus diproses sesuai dengan peraturan yang berlaku.""Saya sangat prihatin dan sangat menyesalkan kejadian ini. Mudah-mudahan tidak terjadi lagi, dan jika memang masuk ke ranah hukum, saya kira hukum memiliki prosedurnya, dan kita akan ikuti sesuai ketentuan,"" ujarnya kepada Kompas.com, Rabu (31/10/2024).Baca juga: Anaknya Dianiaya Wali Kelas, Orangtua di Bogor Enggan Berdamai Jika kasus ini berlanjut ke ranah kepegawaian, Hery menegaskan pihaknya berkomitmen untuk menindaklanjutinya secara tegas sesuai dengan aturan Aparatur Sipil Negara (ASN).""Kalau ini menjadi ranah kepegawaian, saya akan proses. Jadi, dua-duanya akan kita proses,"" tegasnya.Hery menegaskan bahwa tindakan yang dilakukan wali kelas terhadap siswa merupakan pelanggaran, mengingat seorang guru seharusnya memiliki kesabaran dan pengendalian diri dalam menghadapi siswa.""Pasti (pelaku dipanggil). Ini sudah menjadi tindakan yang melawan disiplin karena seorang guru harus sabar. Meskipun ada perbedaan generasi antara guru dan siswa, tindakan seperti ini sangat saya sayangkan,"" ujarnya.Baca juga: Siswa SMP di Bogor Diduga Dianiaya Wali Kelas, Ayah Korban: Pihak Sekolah Bilang Anak Saya TerpelesetIa berharap para guru dapat memahami kesenjangan generasi antara mereka dan siswa, serta beradaptasi dengan pendekatan yang lebih positif dalam pembelajaran.""Yang ingin saya galakkan pemahaman gap generasi, bedakan antara siswa dengan guru, beda zaman juga sekarang dari zaman dahulu ini harus kita sosialisasikan,"" tambah Hery.Sebagai pimpinan daerah, Hery juga menyampaikan permohonan maaf kepada siswa, orangtua, dan masyarakat Kota Bogor atas insiden yang melibatkan guru yang merupakan ASN di lingkungan Pemerintah Kota Bogor.""Karena guru tersebut ASN Kota Bogor, maka atas nama lembaga saya minta maaf kepada masyarakat, juga kepada siswa dan orangtuanya,"" ucapnya.Baca juga: Siswa SMP di Bogor yang Diduga Dianiaya Wali Kelas Sempat Diminta Tak Lapor ke OrangtuanyaMeski demikian, ia memastikan bahwa proses yang melibatkan unsur kepegawaian akan tetap berjalan sesuai aturan, dan pihaknya akan mengambil tindakan tegas jika terbukti terjadi pelanggaran.Sebelumnya, L diduga menjadi korban penganiayaan oleh wali kelasnya berinisial H setelah dipanggil dan dijewer oleh guru tersebut karena dianggap mengobrol saat berada di majelis pada Senin (21/10/2024). ""Anak saya ngobrol di majelis, di belakang kursi. Karena anak saya ketua kelas, dipanggil oleh wali kelasnya, sambil dijewer bilang sebagai ketua kelas harus memberikan contoh yang baik,"" jelas ayah korban, Umar (39).Setelah kejadian, Umar menemukan kondisi L yang memar di bagian matanya, meskipun pihak sekolah awalnya menyatakan bahwa L terjatuh di kamar mandi.",31/10/2024,NEWS
"IONIQ 5 N, Mobil Listrik dengan Sentuhan Everyday Sports Car","KOMPAS.com – Hyundai menggemparkan dunia otomotif Indonesia dengan meluncurkan IONIQ 5 N pada ajang Gaikindo Indonesia International Auto Show (GIIAS) 2024. Mobil listrik bertenaga tinggi ini menawarkan perpaduan unik antara performa maksimal dan kenyamanan berkendara sehari-hari, serta konsep ""Everyday Sportscar"" yang revolusioner.Untuk diketahui, IONIQ 5 N dibekali mesin dengan output daya maksimum 478 kW atau setara 650 PS dan torsi puncak 770 Nm ketika fitur N Grin Boost diaktifkan. Kombinasi ini memungkinkan mobil berakselerasi dari 0 hingga 100 km per jam hanya dalam 3,4 detik.Kemampuan itu menjadikan IONIQ 5 N sebagai sport utility vehicle (SUV) bertenaga impresif di kelasnya.Sesuai dengan tagline-nya, mobil itu pun mampu melesat hingga 260 km per jam. Ini menjadikan IONIQ 5 N sebagai pilihan menarik bagi penyuka roda empat berperforma tinggi.Chief Operating Officer Hyundai Motors Indonesia Fransiscus Soerjopranoto mengatakan bahwa IONIQ 5 N telah diakui kehebatannya di dunia. Hal ini terbukti dengan diraihnya penghargaan World Performance Car 2024 di ajang World Car Awards.Raihan itu, lanjutnya, memperkuat posisi IONIQ 5 N sebagai pemimpin pasar dalam kategori mobil listrik performa tinggi.Everyday sports car yang sesungguhnyaIONIQ 5 N dirancang dengan tiga pilar DNA Hyundai N, yaitu Corner Rascal, Everyday Sports Car, dan Race Track Capability. Ketiga pilar ini memastikan pengalaman berkendara yang dinamis dan tak terlupakan, baik di jalan raya maupun di lintasan balap.Sebagai everyday sports car, IONIQ 5 N menawarkan kenyamanan berkendara harian tanpa mengorbankan sensasi fun to drive.Konsep itu terwujud mulai dari desain interior IONIQ 5 N. Meskipun didominasi warna hitam yang sporty, ruang kabin mobil ini tetap menawarkan kenyamanan optimal. Kursi bucket yang ergonomis tidak hanya memberikan dukungan saat bermanuver agresif, tetapi juga nyaman untuk perjalanan jauh.Hal yang membuat IONIQ 5 N benar-benar unik adalah kemampuannya untuk beralih antara mobil listrik yang tenang dan mobil sport yang menggairahkan.Fitur N e-shift menyimulasikan sensasi transmisi kopling ganda 8 percepatan, sementara N Active Sound+ menghadirkan suara mobil sport yang menggetarkan adrenalin melalui pengeras suara di kabin.Kedua fitur itu dapat diaktifkan atau dinonaktifkan sesuai keinginan, memberi fleksibilitas untuk memilih pengalaman berkendara yang sesuai dengan suasana hati atau situasi.Kenyamanan IONIQ 5 N berlanjut dengan hadirnya fitur Vehicle-to-Load (V2L) yang inovatif.Terletak strategis di bawah kursi baris kedua, V2L memungkinkan penggunaan daya listrik mobil untuk mengisi berbagai perangkat elektronik, bahkan saat mobil sedang melaju. Fitur ini sangat praktis untuk perjalanan jauh atau saat bekerja secara mobile, menjamin laptop, ponsel, serta perangkat elektronik lainnya selalu terisi daya.Melengkapi kepraktisan V2L, Hyundai mengintegrasikan sistem Bluelink yang canggih ke dalam IONIQ 5 N.Bluelink menawarkan berbagai fitur keamanan yang dirancang untuk melindungi pengguna. Salah satunya adalah fitur Auto Collision Notification (ACN). Saat terjadi kecelakaan dan airbag mobil mengembang, sinyal otomatis akan terkirim ke call center Hyundai Bluelink. Operator kemudian akan menghubungi pengemudi melalui sistem audio kendaraan untuk memastikan kondisinya dan menghubungi layanan darurat jika diperlukan.Selain itu, pengguna juga dapat memanfaatkan tombol SOS di konsol atas untuk meminta bantuan cepat dalam situasi darurat. Call center akan segera mengirimkan bantuan ke lokasi pengguna.Selain aspek keamanan, Bluelink juga dilengkapi dengan fitur Road Side Assistance (RSA) yang siap membantu pengguna jika kendaraan mengalami kendala di tengah perjalanan. Pengemudi cukup menekan tombol Bluelink di konsol atas untuk meminta bantuan. Dengan segera, call center akan mengarahkan pengguna ke Hyundai Service Center terdekat atau mengirimkan layanan derek ke lokasi. Fitur ini memberikan ketenangan tambahan bagi pengguna dalam situasi tak terduga di jalan.Fitur keamanan Bluelink tidak hanya terbatas pada keadaan darurat di jalan, tetapi juga mencakup perlindungan terhadap pencurian kendaraan. Dengan Stolen Vehicle Notification, pemilik kendaraan akan menerima notifikasi di aplikasi jika terjadi upaya membuka paksa mobil.Bluelink juga menyediakan Stolen Vehicle Tracking dan Stolen Vehicle Immobilization untuk membantu pelacakan dan mematikan mesin mobil yang dicuri, sehingga meningkatkan peluang pemulihan kendaraan dengan cepat.Bluelink juga menambah kenyamanan melalui berbagai fitur remote control yang bisa diakses melalui smartphone pengguna. Pengguna dapat menyalakan atau mematikan mesin dan mengatur suhu kabin dari jarak jauh melalui Remote Engine Start/Stop & Remote Climate Control.Selain itu, fitur Find My Car memungkinkan pengguna menemukan mobilnya dengan mudah jika lupa lokasi parkir. Fitur-fitur ini menunjukkan komitmen Hyundai untuk memberikan pengalaman berkendara yang aman dan praktis bagi pengguna IONIQ 5 N.Dengan perpaduan sempurna antara kenyamanan, kepraktisan, keamanan, dan performa tinggi, IONIQ 5 N membuktikan bahwa konsep mobil sport untuk penggunaan sehari-hari bukan sekadar impian.Mobil ini tidak hanya mampu memenuhi kebutuhan harian dengan berbagai fitur canggihnya, tetapi juga siap memberikan sensasi berkendara yang mendebarkan kapan pun diinginkan.Dukungan teknologi canggihIONIQ 5 N hadir dengan serangkaian teknologi canggih yang memadukan performa tinggi dan kenyamanan berkendara. Salah satunya, N Grin Boost. Fitur ini memberikan dorongan tambahan yang ideal selama 10 detik untuk untuk situasi yang membutuhkan akselerasi cepat.Melengkapi fitur tersebut, hadir N Launch Control yang membantu pengemudi melakukan start secara mulus dan cepat dari posisi diam. Fitur ini sempurna untuk situasi balapan atau uji akselerasi.Untuk penggemar teknik drift, IONIQ 5 N menyediakan N Drift Optimizer yang membantu pengemudi melakukan manuver drift dengan lebih aman dan terkendali. Fitur ini bekerja bersama Torque Kick Drift yang menciptakan efek seperti menginjak kopling secara tiba-tiba, memberikan sensasi autentik mobil sport konvensional.Bagi Anda yang ingin membawa IONIQ 5 N ke lintasan balap, tersedia mode N Race dengan pilihan ""Endurance"" untuk balapan jarak jauh dan ""Sprint"" untuk balapan jarak pendek.Sementara itu, untuk meningkatkan responsivitas berkendara sehari-hari, N Pedal membuat mobil lebih sigap saat digas, terutama saat menikung.Selanjutnya, ada pula teknologi N Torque Distribution yang memungkinkan pengemudi mengatur pembagian tenaga ke roda depan dan belakang, serta memberikan kontrol optimal sesuai kondisi jalan.Semua fitur tersebut bekerja bersama secara harmonis, menciptakan pengalaman berkendara yang memadukan ketangkasan mobil listrik dengan sensasi mobil sport konvensional. Ini menjadikan IONIQ 5 N sebagai everyday sports car yang benar-benar istimewa.Hal tersebut pun sudah dibuktikan melalui serangkaian pengujian ketat di berbagai jenis lintasan di HMG Driving Experience Center Taean, Korea Selatan. IONIQ 5 N membuktikan kemampuannya dalam berbagai kondisi berkendara.Lintasan tersebut menawarkan delapan jenis trek yang mencakup Braking Course, Dry Handling Circuit, Wet Handling Circuit, High Speed Oval, dan lainnya.Di lintasan High Speed Oval, N Launch Control dan N Grin Boost membuktikan kemampuannya dalam memberikan akselerasi maksimal. Sementara di lintasan zig-zag, N Drift Optimizer dan Torque Kick Drift memungkinkan pengemudi melakukan manuver drift dengan presisi tinggi.Meski berperforma tinggi, IONIQ 5 N tetap menawarkan kenyamanan berkendara. N Light pada bucket seats mendukung posisi berkendara optimal serta dilengkapi fitur pendingin dan pemanas.Terakhir, IONIQ 5 N juga didukung sistem suspensi elektronik yang memungkinkan pengemudi menyesuaikan tingkat kekakuan sesuai mode berkendara yang dipilih, yaitu N, Sport, atau Normal.Teknologi baterai dan sistem penggerak canggihIONIQ 5 N menggunakan platform Electric Global Module Platform (E-GMP) yang diintegrasikan dengan teknologi motorsport dari Hyundai N Brand. Mobil ini dilengkapi baterai berkapasitas 84.0 kWh dengan dual motor listrik yang mampu beroperasi hingga 21.000 RPM.Untuk sistem penggerak, mobil tersebut menggunakan all-wheel drive (AWD) guna memastikan traksi optimal di berbagai kondisi jalan.Teknologi 800V pada baterai memungkinkan mobil dapat mengisi daya dengan ultrafast Kemampuan pengisiannya mencapai 240 kW saat terhubung ke charger 350 kW di stasiun pengisian daya DC ultrafast.Harga dan ketersediaanDi Indonesia, IONIQ 5 N ditawarkan dengan harga Rp 1,3 miliar. Meski tergolong niche, Hyundai optimistis IONIQ 5 N akan mendapat sambutan positif dari penggemar mobil sport berperforma tinggi.Bagi Anda yang penasaran dengan IONIQ 5 N, silakan mengunjungi situs resmi Hyundai atau dealer Hyundai terdekat. Tim penjualan Hyundai siap membantu menjelaskan detail produk dan promo yang tersedia.Dengan IONIQ 5 N, Hyundai tidak hanya menawarkan sebuah mobil, tetapi juga sebuah gaya hidup baru yang menggabungkan kegembiraan berkendara performa tinggi dengan tanggung jawab terhadap lingkungan, semua dalam satu paket everyday sports car menarik.",31/10/2024,ADVERTORIAL
Menunggu Peningkatan Kesejahteraan Guru Terealisasi,"Pernyataan Menteri Pendidikan Dasar dan Menengah Abdul Mu'ti di kantor Kemendikdasmen, Jakarta, membawa angin segar sekaligus tanda tanya besar bagi masa depan kesejahteraan guru di Indonesia. Meski beliau menegaskan bahwa peningkatan kesejahteraan guru sudah masuk tahap pengkajian dan telah dianggarkan untuk tahun 2025, ketidakjelasan nominal yang akan diberikan menimbulkan spekulasi di kalangan pendidik.Janji peningkatan kesejahteraan guru ini sebenarnya telah lebih dulu dikemukakan oleh Hashim Djojohadikusumo sebagai bagian dari tim kampanye nasional Prabowo-Gibran. Dalam video yang beredar luas, Hashim bahkan menjanjikan kenaikan gaji guru mulai Oktober 2024, dengan nominal yang cukup signifikan yakni Rp 2 juta per bulan.Pernyataan yang sengaja direkam ini dimaksudkan sebagai bentuk komitmen yang bisa dipegang oleh para guru.Adanya perbedaan waktu implementasi antara janji kampanye (Oktober 2024) dan pernyataan Mendikdasmen (tahun 2025) menimbulkan pertanyaan tentang konsistensi kebijakan pemerintah.Pada satu kesempatan yang diungkapkan Satriwan, jika janji kenaikan Rp 2 juta per bulan tidak dipenuhi, maka Prabowo telah mengecewakan lebih dari tiga juta guru di Indonesia.Tentunya hal ini menjadi ujian kredibilitas bagi seorang prajurit yang terkenal memegang teguh sumpahnya.Pengkajian yang sedang dilakukan pemerintah hendaknya mempertimbangkan beberapa aspek penting. Pertama, transparansi dalam proses pengkajian mutlak diperlukan untuk membangun kepercayaan para guru. Keterbukaan informasi tentang kriteria dan indikator yang digunakan dalam menentukan besaran peningkatan kesejahteraan akan membantu masyarakat memahami arah kebijakan ini.Tanpa transparansi, kebijakan ini berpotensi menimbulkan kecurigaan dan resistensi dari berbagai pihak.Kedua, perbedaan timeline antara janji kampanye dan rencana implementasi perlu mendapat penjelasan yang memadai.Jika memang ada kendala teknis atau administratif yang menyebabkan penundaan implementasi, hal ini harus dikomunikasikan dengan jelas kepada para guru. Ketidakjelasan informasi hanya akan menimbulkan kekecewaan dan menurunkan kepercayaan terhadap pemerintah. Komunikasi yang baik menjadi kunci dalam menjaga kepercayaan publik terhadap komitmen pemerintah.Ketiga, besaran nominal yang dijanjikan dalam kampanye (Rp 2 juta per bulan) harus menjadi pertimbangan serius dalam pengkajian yang sedang dilakukan. Angka ini telah menjadi ekspektasi publik, khususnya para guru. ",31/10/2024,KATANETIZEN
"Kasus Korupsi ASDP, KPK Gali Informasi Aset Eks Dirut","JAKARTA, KOMPAS.com - Komisi Pemberantasan Korupsi (KPK) memeriksa mantan Direktur Utama PT ASDP Indonesia Ferry, Ira Puspadewi (IP), terkait kasus dugaan korupsi kerja sama akuisisi PT Jembatan Nusantara tahun 2019-2022 Rabu (30/10/2024) kemarin.Juru Bicara KPK Tessa Mahardhika Sugiarto mengatakan, penyidik menggali informasi tekait aset-aset yang dimiliki oleh Ira dalam pemeriksaan kemarin.""Saksi 1 (IP) hadir dan dimintai keterangan terkait asset yang dimiliki,"" kata Tessa dalam keterangan tertulis, Kamis (31/10/2024).Selain Ira, KPK juga memeriksa Adhian Budi selaku Lead Inspector PT BKI.""Saksi 2 didalami terkait hasil pengecekan teknis kapal,"" ujar Tessa.Baca juga: KPK Menangkan Lima Gugatan Praperadilan Perkara ASDPDiketahui, KPK telah menetapkan empat orang sebagai tersangka dalam kasus dugaan korupsi di lingkungan PT ASDP Indonesia Ferry (Persero).""Inisial dari keempat orang tersangka tersebut adalah IP, MYH, HMAC, A,"" ujar Tessa, 18 Agustus 2024 lalu.Tessa tidak mengungkapkan identitas lengkap para tersangka.Ia hanya menyebutkan, waktu terjadinya dugaan tindak pidana, berlangsung selama tiga tahun, yaitu antara tahun 2019 hingga 2022.KPK menaksir kerugian negara dalam kasus korupsi ini mencapai Rp 1,27 triliun. Baca juga: Kasus PT ASDP, KPK Ingatkan Pemilik PT Jembatan Nusantara KooperatifDalam kasus ini, KPK telah menyita 15 bidang tanah dan bangunan yang dimiliki bos PT Jembatan Nusantara Group bernama Adjie.""Iya, ada beberapa lokasi di daerah Pondok Indah, Jakarta Selatan ada empat lokasi di Bogor satu lokasi, di Menteng Jakarta Pusat satu lokasi, di Darmo Surabaya 3 lokasi dan ada juga Graha Familly Surabaya 2 lokasi,"" ujar Tessa.",31/10/2024,NEWS
"Bos GoTo Optimistis Bisnis Fintech GOTO Capai ""Adjusted"" EBITDA Positif 1 Tahun Lebih Cepat","JAKARTA, KOMPAS.com - Direktur Utama PT GoTo Gojek Tokopedia Tbk (GOTO) Patrick Walujo optimistis perseroan bisa mencatatkan EBITDA yang disesuaikan (adjusted) positif untuk lini bisnis Financial Technology (Fintech) melalui GoTo Financial (GTF) pada kuartal IV-2024.Keyakinan itu didorong oleh pencapaian EBITDA yang disesuaikan Grup di kuartal III-2024 (3 bulan) yang mencapai rekor tertinggi Rp 137 miliar secara kuartalan dan rugi EBITDA yang disesuaikan bisnis fintech yang susut signifikan menjadi rugi tersisa hanya Rp 65 miliar dari periode yang sama tahun lalu rugi Rp 388 miliar di Q3-2023.“Dengan perkembangan positif tersebut, kami juga memperkirakan segmen fintech [GTF] akan mencapai EBITDA yang disesuaikan positif di kuartal selanjutnya, satu tahun lebih cepat dari pedoman sebelumnya,” sebut Patrick, dalam keterangan resmi, dikutip Kamis (31/10/2024).Baca juga: GOTO Catat Penyusutan Rugi 55 Persen Jadi Rp 4,31 Triliun sampai Kuartal III 2024Patrick menegaskan, strategi yang diterapkan selama ini berhasil karena setiap bagian ekosistem dapat memberikan nilai tambah kepada unit bisnis lainnya.“Sebuah model yang semakin membuahkan hasil seiring dengan upaya kami secara agresif mendapatkan pengguna baru dan meningkatkan profitabilitas di seluruh bisnis kami yang berkembang pesat,” katanya.“Pada akhirnya, kami ingin pengguna dapat menikmati semua manfaat dari produk pembayaran dan layanan on-demand yang berfungsi untuk menyalurkan pengguna yang tepat untuk menemukan dan memanfaatkan produk pinjaman kami,” tambah dia.Secara bisnis GTF, pertumbuhan yang dibukukan juga meningkat signifikan dan menjadi pendorong pertumbuhan bisnis dan profitabilitas perseroan.Penggerak utama profitabilitas adalah bisnis pinjaman seiring dengan nilai pinjaman konsumen yang disalurkan (outstanding loans) naik tiga kali lipat YoY di kuartal ketiga 2024 menjadi Rp 4,3 triliun dengan tingkat kredit bermasalah (NPL) yang stabil.Sekitar 45 persen dari jumlah pinjaman yang disalurkan berasal dari pengguna e-commerce, 40 persen dari pengguna layanan On-Demand Services atau Gojek, dan sisanya dari pengguna aplikasi GoPay.“Terdapat ruang pertumbuhan yang signifikan seiring dengan penetrasi pinjaman yang relatif rendah, yaitu hanya beberapa persen dari total pengguna, sementara permintaan untuk kredit substansial, yaitu satu dari tujuh pengguna layanan GoPay dan Gojek mengajukan kredit dalam 12 bulan terakhir,” tulis manajemen GoTo.Sebab itu, perseroan memperkirakan nilai pinjaman konsumen yang disalurkan dapat meningkat dua kali lipat dibanding September 2024 pada akhir tahun depan.Baca juga: Inovasi GOTO Bikin Ekosistem Kerja yang Nyaman untuk Gen ZPinjaman melesatPendapatan dari jasa pinjaman melonjak 527 persen YoY di Q3-2024 (3 bulan) menjadi Rp 565 miliar, berkontribusi 14 persen dari pendapatan bersih Grup pada kuartal ketiga. Sekitar 80 persen dari total pinjaman yang disalurkan oleh GoTo didanai oleh Bank Jago.Sementara jika dihitung 9 bulan, pendapatan bersih dari jasa pinjaman meroket 593 persen menjadi Rp1,23 triliun dari periode yang sama tahun lalu hanya Rp178 mliar.“Hal ini menunjukkan bahwa ekosistem berjalan dengan baik, dengan berbagai produk dan penggunaan layanan di Grup, yang mendorong pertumbuhan pengguna, sekaligus memperdalam penetrasi pinjaman secara bertanggung jawab dan akuntabel,” tulis manajemen GoTo.Nilai transaksi bruto (GTV) inti fintech mencapai Rp64,6 triliun di Q3-2024 (3 bulan), naik 82 persen YoY, sementara GTV mencapai Rp 130,6 triliun, atau tumbuh 38 persen YoY. Adapun dalam 9 bulan, GTV inti bisnis fintech naik 62 persen menjadi Rp 169 triliun dan GTV fintech naik 29 persen menjadi Rp 357 triliun.Baca juga: S&P Global Rilis Peringkat ESG GoTo, Grab, dan Sea, Siapa yang Unggul?",31/10/2024,MONEY
"Kolaborasi dengan Tosec World dan BUMN Lain, PNM Hadirkan Program Klasterisasi Jagung untuk Nasabah Mekaar","KOMPAS.com – Perusahaan swasta yang berkontribusi dalam Program Ketahanan Pangan Nasional, Tosec World, menjalin kolaborasi dengan PT Permodalan Nasional Madani (PNM) dan sejumlah badan usaha milik negara (BUMN) dalam program Klasterisasi Jagung untuk nasabah Mekaar PNM.Kerja sama itu merupakan wujud komitmen Tosec World dalam mendukung pencapaian Indonesia Emas 2045 lewat kemandirian pangan serta sumber daya manusia (SDM) unggul, berkualitas, sehat, dan memiliki daya saing Internasional.Dalam sosialisasi yang digelar di Desa Parunggalih, Kecamatan Bodeh, Kabupaten Pemalang, Jawa Tengah, ibu-ibu petani nasabah Mekaar mengeluhkan hasil panen jagung yang sedikit dan keterbatasan akses terhadap produk pertanian yang dibutuhkan.Hasil panen dari tanaman jagung yang diperoleh berkisar mulai 2,5 hingga 4 ton jagung pipil per hektar pada lahan hutan. Jumlah ini jauh dari standar hasil panen.Pada umumnya, penanaman tanaman jagung untuk lahan hutan dengan luasan satu hektare mampu menghasilkan 6 hingga 7 ton jagung pipil.Hasil panen yang sedikit kemudian menyebabkan harga produksi meroket sehingga petani pun merugi.Berangkat dari keluhan itu, tim Agroman Petrokimia Gresik melakukan pengecekan kondisi tanah. Hasilnya menunjukkan bahwa lahan pertanian merupakan lahan lahan basa. Untuk itu, lahan tersebut perlu dinetralkan dengan kapur pertanian atau dolomite.Tim sosialisasi juga memberikan penjelasan mengenai ketepatan dalam penggunaan pupuk dan obat-obatan pertanian guna mendukung pencapaian panen sesuai standar.Selain Klasterisasi Jagung, Program Ketahanan Pangan Nasional juga akan menghadirkan klasterisasi produk pertanian lain bagi nasabah PNM seluruh Indonesia.Program tersebut juga diharapkan dapat mendorong pemberdayaan usaha mikro kecil dan menengah (UMKM) dengan produk-produk unggulan baru yang layak dan mampu bersaing di pasar internasional.Pada akhirnya, program itu dapat mendorong rakyat Indonesia untuk lebih sejahtera dan memberikan kontribusi dalam mewujudkan Indonesia Emas 2025.",31/10/2024,ADVERTORIAL
